raiz_id_cidade,mes,dia
110001,22,10
110002,11,10
110003,5,7
110004,26,11
110005,5,8
110006,16,5
110007,13,2
110008,16,6
110009,16,6
110010,10,4
110011,7,11
110012,22,11
110013,11,5
110014,19,6
110015,16,6
110018,24,6
110020,2,10
110025,16,5
110026,13,2
110028,5,8
110029,11,5
110030,23,11
110032,6,7
110033,21,7
110034,21,3
110037,22,6
110040,13,2
110045,27,12
110050,13,2
110060,26,5
110070,13,2
110080,13,2
110090,13,2
110092,27,12
110094,22,6
110100,13,2
110110,13,2
110120,13,2
110130,13,2
110140,13,2
110143,22,6
110145,4,7
110146,27,12
110147,22,11
110148,22,6
110149,27,12
110150,13,2
110155,22,6
110160,13,2
110170,13,2
110175,22,6
110180,28,4
120001,25,4
120005,14,5
120010,3,7
120013,28,4
120017,28,4
120020,28,9
120025,28,4
120030,21,12
120032,28,4
120033,30,5
120034,14,5
120035,5,11
120038,30,3
120039,28,4
120040,28,12
120042,28,7
120043,28,4
120045,14,5
120050,25,9
120060,24,4
120070,22,3
120080,28,4
130002,10,12
130006,2,7
130008,10,12
130010,29,12
130014,30,12
130020,23,2
130030,3,3
130040,6,5
130050,9,6
130060,29,1
130063,10,12
130068,31,1
130070,22,10
130080,1,1
130083,28,12
130090,10,10
130100,27,9
130110,19,12
130115,1,12
130120,2,8
130130,31,3
130140,8,9
130150,31,1
130160,31,3
130165,12,12
130170,15,5
130180,18,2
130185,10,12
130190,25,4
130195,19,12
130200,24,7
130210,19,12
130220,19,12
130230,11,4
130240,7,3
130250,16,7
130255,25,2
130260,24,10
130270,15,5
130280,25,3
130290,25,6
130300,31,1
130310,19,12
130320,19,12
130330,19,12
130340,15,10
130350,19,3
130353,10,12
130356,31,3
130360,29,12
130370,13,3
130380,3,9
130390,31,5
130395,10,12
130400,23,1
130406,1,2
130410,19,12
130420,15,6
130423,10,12
130426,10,12
130430,12,5
130440,24,1
140002,17,10
140005,1,7
140010,9,7
140015,1,7
140017,17,10
140020,27,5
140023,4,11
140028,4,11
140030,1,7
140040,1,7
140045,17,10
140047,17,10
140050,1,7
140060,1,7
140070,17,10
150010,15,8
150013,27,12
150020,19,9
150030,2,8
150034,13,12
150040,10,6
150050,23,8
150060,6,11
150070,25,11
150080,3,1
150085,28,12
150090,28,3
150095,20,12
150100,22,8
150110,25,3
150120,30,10
150125,15,10
150130,14,8
150140,12,1
150145,4,5
150150,29,12
150157,10,5
150160,29,12
150170,8,7
150172,13,12
150175,10,5
150178,13,12
150180,30,11
150190,30,12
150195,28,12
150200,10,5
150210,24,12
150215,5,10
150220,31,7
150230,29,12
150240,28,1
150250,6,6
150260,29,12
150270,30,5
150275,10,5
150276,27,12
150277,10,5
150280,4,7
150285,28,12
150290,4,10
150293,10,5
150295,13,12
150300,27,12
150304,21,4
150307,10,5
150309,13,12
150310,11,11
150320,26,10
150330,23,5
150340,30,12
150345,13,12
150350,16,12
150360,15,12
150370,14,7
150375,13,12
150380,29,12
150390,9,4
150400,29,12
150405,11,5
150410,27,3
150420,5,4
150430,28,5
150440,12,10
150442,21,4
150445,12,5
150450,30,12
150460,6,7
150470,28,8
150475,5,12
150480,15,3
150490,28,5
150495,29,12
150497,20,10
150500,30,12
150503,13,12
150506,20,12
150510,2,10
150520,26,12
150530,9,6
150540,29,5
150543,10,5
150548,10,5
150549,13,12
150550,23,1
150553,10,5
150555,29,1
150560,29,12
150563,29,12
150565,26,9
150570,30,4
150580,24,1
150590,19,11
150600,7,1
150610,11,2
150611,1,1
150613,13,5
150616,13,5
150618,13,5
150619,12,2
150620,22,10
150630,10,3
150635,13,12
150640,8,4
150650,31,1
150655,13,12
150658,10,5
150660,29,12
150670,7,11
150680,22,6
150690,14,3
150700,29,12
150710,14,8
150715,26,12
150720,9,12
150730,10,4
150740,30,12
150745,10,5
150746,27,12
150747,10,5
150750,10,5
150760,31,10
150770,24,6
150775,24,4
150780,29,12
150790,20,1
150795,10,5
150796,1,1
150797,13,12
150800,1,9
150803,29,9
150805,13,12
150808,10,5
150810,31,12
150812,13,12
150815,13,9
150820,6,1
150830,31,10
150835,13,12
150840,13,5
160005,1,5
160010,22,10
160015,1,5
160020,22,12
160021,1,5
160023,17,12
160025,1,5
160027,17,12
160030,4,2
160040,23,1
160050,23,5
160053,1,5
160055,1,5
160060,17,12
160070,17,12
160080,8,9
170025,1,5
170030,26,5
170035,10,1
170040,30,1
170070,11,11
170100,14,10
170105,20,2
170110,1,6
170130,14,6
170190,28,7
170200,14,11
170210,14,11
170215,20,2
170220,9,6
170230,7,11
170240,1,8
170255,14,5
170270,29,10
170290,14,10
170300,23,6
170305,26,5
170307,26,4
170310,11,1
170320,1,6
170330,20,2
170360,21,12
170370,14,11
170380,1,6
170382,10,2
170384,1,1
170386,20,2
170388,20,1
170389,20,2
170390,1,6
170410,20,2
170460,26,5
170510,28,9
170550,21,4
170555,1,6
170560,7,8
170600,1,10
170610,23,6
170625,26,5
170650,13,6
170700,26,8
170710,1,6
170720,4,9
170730,14,11
170740,10,2
170755,14,5
170765,10,6
170770,1,1
170820,1,10
170825,20,2
170830,1,6
170900,12,11
170930,11,4
170950,14,11
170980,19,12
171050,12,11
171070,18,8
171090,10,2
171110,8,10
171150,7,9
171180,5,10
171190,10,2
171195,10,2
171200,5,5
171215,19,12
171240,11,11
171245,26,5
171250,1,6
171270,20,2
171280,20,2
171320,25,8
171330,8,11
171360,23,10
171370,1,1
171380,10,2
171395,20,8
171420,1,6
171430,14,11
171488,10,6
171500,1,6
171510,14,11
171515,5,10
171525,10,2
171550,26,5
171570,20,2
171575,10,6
171610,23,10
171620,23,10
171630,10,2
171650,15,7
171660,20,6
171665,1,6
171670,14,5
171700,8,10
171720,1,1
171750,23,6
171780,14,11
171790,14,11
171800,14,1
171820,13,7
171830,1,6
171840,31,12
171845,26,5
171850,20,7
171855,20,2
171865,20,2
171870,5,6
171875,14,5
171880,1,6
171884,12,10
171886,23,10
171888,10,6
171889,26,5
171890,1,6
171900,1,6
172000,26,5
172010,10,2
172015,22,2
172020,20,2
172025,20,2
172030,1,10
172049,1,1
172065,10,6
172080,14,10
172085,20,2
172090,10,6
172093,10,2
172097,26,5
172100,20,5
172110,7,10
172120,28,7
172125,26,5
172130,1,1
172208,1,2
172210,14,11
210005,6,6
210010,25,3
210015,10,11
210020,22,12
210030,11,2
210040,20,1
210043,10,11
210047,10,11
210050,19,5
210055,10,10
210060,21,10
210070,22,7
210080,13,11
210083,1,1
210087,10,11
210090,29,3
210095,17,1
210100,27,6
210110,23,9
210120,17,4
210125,10,11
210130,2,1
210135,19,6
210140,22,3
210150,29,3
210160,3,5
210170,9,6
210173,10,11
210177,10,11
210180,15,7
210190,19,6
210193,10,11
210197,10,11
210200,14,3
210203,10,11
210207,1,1
210210,11,7
210215,10,11
210220,6,12
210230,5,7
210232,10,11
210235,10,11
210237,1,1
210240,11,5
210250,15,11
210255,10,11
210260,22,11
210270,24,9
210275,1,1
210280,8,7
210290,31,12
210300,1,8
210310,9,6
210312,10,11
210315,10,11
210317,10,11
210320,29,3
210325,10,11
210330,16,4
210340,31,10
210350,10,4
210355,10,11
210360,8,4
210370,3,10
210375,25,7
210380,9,12
210390,1,1
210400,27,6
210405,12,5
210407,10,11
210408,10,11
210409,10,11
210410,31,12
210420,18,1
210430,9,6
210440,31,12
210450,10,10
210455,10,11
210460,11,3
210462,19,6
210465,11,11
210467,10,11
210470,13,10
210480,29,4
210490,19,1
210500,25,10
210510,26,10
210515,29,9
210520,20,1
210530,16,7
210535,10,11
210540,21,7
210542,10,11
210545,10,11
210547,10,11
210550,15,12
210560,26,12
210565,10,11
210570,1,1
210580,26,10
210590,29,11
210592,10,11
210594,10,11
210596,10,11
210598,10,11
210600,15,1
210610,10,11
210620,26,12
210630,1,10
210632,10,11
210635,1,1
210637,10,11
210640,11,3
210650,15,2
210660,30,12
210663,10,11
210667,10,11
210670,29,3
210675,15,3
210680,1,2
210690,17,7
210700,22,12
210710,28,4
210720,30,10
210725,10,11
210730,11,5
210735,10,11
210740,30,11
210745,6,9
210750,14,1
210760,17,1
210770,24,9
210780,10,4
210790,8,5
210800,28,7
210805,10,11
210810,20,1
210820,27,4
210825,10,11
210830,10,8
210840,31,3
210845,1,1
210850,28,7
210860,3,9
210870,19,11
210880,11,12
210890,20,1
210900,2,4
210905,10,11
210910,28,6
210920,30,12
210923,10,11
210927,1,1
210930,13,2
210940,16,10
210945,10,11
210950,29,4
210955,10,11
210960,6,4
210970,31,10
210975,10,11
210980,30,9
210990,14,3
211000,26,3
211003,30,11
211010,16,4
211020,2,12
211023,19,7
211027,10,11
211030,30,12
211040,21,10
211050,30,3
211060,29,3
211065,10,11
211070,24,9
211080,12,4
211085,10,11
211090,10,5
211100,14,6
211102,10,11
211105,10,11
211107,10,11
211110,12,6
211120,24,9
211125,10,11
211130,8,9
211140,30,12
211150,26,12
211153,10,11
211157,10,11
211160,10,2
211163,10,11
211167,10,11
211170,27,8
211172,10,11
211174,10,11
211176,10,11
211178,1,1
211180,15,12
211190,13,1
211195,10,11
211200,19,12
211210,5,4
211220,22,12
211223,10,11
211227,19,6
211230,8,1
211240,11,7
211245,10,11
211250,28,3
211260,10,6
211270,29,3
211280,8,7
211285,10,11
211290,19,4
211300,25,9
211400,4,10
220005,1,1
220010,30,12
220020,1,7
220025,9,4
220027,29,4
220030,1,1
220040,12,10
220045,26,1
220050,4,8
220060,24,7
220070,5,12
220080,31,3
220090,27,2
220095,27,10
220100,9,12
220105,12,12
220110,10,11
220115,29,4
220117,26,1
220120,24,9
220130,5,12
220140,5,12
220150,15,12
220155,26,1
220157,14,12
220160,7,7
220170,22,1
220173,26,1
220177,26,1
220180,10,4
220190,17,12
220191,29,4
220192,29,4
220194,26,1
220196,21,7
220198,26,1
220200,4,9
220202,29,4
220205,29,4
220207,14,12
220208,14,12
220209,29,4
220210,15,4
220211,27,12
220213,26,1
220217,26,1
220220,8,8
220225,29,4
220230,15,12
220240,10,3
220245,26,1
220250,22,8
220253,27,12
220255,26,1
220260,12,9
220265,27,12
220270,22,8
220271,14,12
220272,27,12
220273,29,4
220275,29,4
220277,29,4
220280,1,7
220285,29,4
220290,8,12
220300,5,12
220310,29,10
220320,29,10
220323,26,1
220325,14,12
220327,26,1
220330,9,12
220335,30,11
220340,5,4
220342,29,12
220345,7,6
220350,13,5
220360,20,10
220370,28,9
220375,19,1
220380,18,4
220385,14,12
220390,8,7
220400,2,5
220410,2,12
220415,14,12
220420,9,9
220430,9,6
220435,26,1
220440,4,9
220450,25,8
220455,24,1
220460,1,4
220465,26,1
220470,13,6
220480,15,12
220490,9,12
220500,1,6
220510,29,10
220515,29,4
220520,21,2
220525,29,4
220527,14,12
220530,5,2
220535,14,12
220540,28,12
220545,14,12
220550,7,4
220551,1,10
220552,26,1
220553,20,1
220554,14,12
220555,29,4
220556,29,4
220557,26,1
220558,14,12
220559,26,1
220560,9,11
220570,26,7
220580,10,3
220585,14,12
220590,31,3
220595,29,4
220600,28,12
220605,13,12
220610,1,6
220620,24,5
220630,9,12
220635,12,12
220640,6,12
220650,30,11
220660,30,6
220665,26,1
220667,14,12
220669,14,12
220670,8,9
220672,13,12
220675,26,1
220680,15,12
220690,15,11
220695,26,1
220700,26,12
220710,14,12
220720,17,1
220730,28,12
220735,26,1
220740,9,7
220750,9,7
220755,26,1
220760,19,6
220770,14,8
220775,29,4
220777,29,4
220779,29,1
220780,15,12
220785,26,1
220790,11,8
220793,14,12
220795,26,1
220800,12,12
220810,25,7
220820,8,8
220830,28,12
220840,4,7
220850,25,6
220855,14,12
220860,1,1
220865,29,4
220870,5,12
220880,2,12
220885,14,12
220887,14,12
220890,26,7
220900,12,6
220910,30,11
220915,29,4
220920,29,9
220930,5,12
220935,29,4
220937,29,4
220940,9,4
220945,14,12
220950,14,12
220955,29,4
220960,29,7
220965,14,12
220970,30,11
220975,27,12
220980,30,3
220985,11,4
220987,26,1
220990,19,12
220995,24,1
220997,12,12
221000,5,7
221005,29,4
221010,25,12
221020,12,4
221030,18,12
221035,29,4
221037,14,12
221038,13,12
221039,27,12
221040,25,3
221050,21,6
221060,26,6
221062,1,1
221063,24,1
221065,29,4
221070,22,7
221080,4,9
221090,27,12
221093,14,12
221095,14,12
221097,14,12
221100,16,8
221110,17,9
221120,6,9
221130,20,9
221135,29,4
221140,8,12
221150,14,12
221160,14,12
221170,14,12
230010,25,11
230015,15,11
230020,31,7
230030,28,9
230040,7,9
230050,10,12
230060,9,7
230070,1,6
230075,5,2
230080,6,5
230090,25,1
230100,13,2
230110,25,10
230120,16,8
230125,21,12
230130,3,8
230140,29,3
230150,14,3
230160,19,7
230170,10,11
230180,15,9
230185,25,1
230190,17,8
230195,15,4
230200,22,11
230205,11,5
230210,14,4
230220,5,7
230230,23,2
230240,21,11
230250,26,8
230260,29,9
230270,29,7
230280,29,7
230290,28,11
230300,4,8
230310,16,9
230320,18,8
230330,25,3
230340,22,7
230350,17,10
230360,25,5
230365,27,12
230370,15,10
230380,21,10
230390,22,11
230393,27,3
230395,13,3
230400,24,9
230410,6,7
230420,21,6
230423,3,5
230425,14,1
230426,28,4
230427,4,6
230428,23,6
230430,9,7
230435,5,2
230440,13,4
230445,27,3
230450,25,3
230460,15,11
230465,15,4
230470,3,11
230480,9,2
230490,23,5
230495,17,3
230500,26,8
230510,22,9
230520,27,12
230523,6,3
230526,8,5
230530,20,12
230533,5,5
230535,22,1
230540,25,10
230550,25,1
230560,4,12
230565,6,10
230570,12,12
230580,26,8
230590,25,10
230600,31,3
230610,20,5
230620,15,9
230625,27,3
230630,22,12
230640,31,8
230650,23,6
230655,5,2
230660,22,11
230670,29,8
230680,9,3
230690,20,12
230700,11,9
230710,3,1
230720,22,11
230725,6,3
230730,22,7
230740,17,10
230750,20,8
230760,30,8
230763,12,8
230765,6,3
230770,17,11
230780,22,11
230790,26,3
230800,5,2
230810,27,8
230820,13,11
230830,17,8
230835,5,2
230837,12,5
230840,11,7
230850,20,12
230860,22,11
230870,2,8
230880,27,11
230890,6,11
230900,12,12
230910,14,3
230920,26,4
230930,11,11
230940,10,10
230945,28,12
230950,15,9
230960,22,5
230970,8,10
230980,20,12
230990,22,9
231000,8,5
231010,28,8
231020,25,3
231025,5,2
231030,16,9
231040,25,1
231050,9,8
231060,31,10
231070,23,8
231080,30,8
231085,7,9
231090,15,7
231095,22,5
231100,5,7
231110,25,3
231120,4,9
231123,15,5
231126,4,6
231130,27,10
231135,1,2
231140,14,8
231150,15,5
231160,28,12
231170,25,9
231180,6,8
231190,20,12
231195,30,6
231200,3,11
231210,25,11
231220,27,8
231230,25,11
231240,27,11
231250,13,9
231260,22,11
231270,3,9
231280,23,8
231290,5,7
231300,22,10
231310,8,6
231320,4,10
231325,21,10
231330,3,5
231335,13,1
231340,31,7
231350,22,11
231355,2,8
231360,24,8
231370,15,9
231375,5,2
231380,1,8
231390,26,3
231395,5,2
231400,10,10
231410,14,8
240010,11,4
240020,16,10
240030,27,10
240040,27,12
240050,7,11
240060,24,11
240070,28,3
240080,13,10
240090,26,3
240100,23,3
240110,22,10
240120,15,6
240130,28,8
240140,17,1
240145,15,12
240150,17,12
240160,31,12
240165,26,6
240170,11,5
240180,21,3
240185,16,7
240190,19,1
240200,16,12
240210,26,3
240220,16,4
240230,5,3
240240,11,12
240250,18,9
240260,30,7
240270,11,12
240280,11,12
240290,19,12
240300,24,11
240310,15,10
240320,10,5
240325,17,12
240330,20,3
240340,17,3
240350,4,1
240360,4,4
240370,17,9
240375,26,6
240380,20,10
240390,26,12
240400,20,12
240410,26,3
240420,9,11
240430,4,4
240440,11,12
240450,7,5
240460,27,8
240470,23,12
240480,31,12
240485,26,6
240490,11,12
240500,26,3
240510,27,12
240520,12,6
240530,11,12
240540,18,5
240550,8,5
240560,23,12
240570,1,9
240580,19,11
240590,19,8
240600,31,12
240610,11,10
240615,9,1
240620,11,5
240630,12,5
240640,26,3
240650,2,1
240660,7,5
240670,25,11
240680,31,12
240690,27,12
240700,5,7
240710,27,10
240720,2,10
240725,26,6
240730,24,11
240740,10,11
240750,17,12
240760,8,5
240770,20,7
240780,25,11
240790,8,11
240800,15,3
240810,25,12
240820,18,2
240830,3,12
240840,17,12
240850,16,7
240860,26,3
240870,10,5
240880,8,5
240890,8,11
240895,21,12
240910,13,5
240920,27,12
240930,25,9
240933,21,12
240940,4,9
240950,7,5
240960,19,1
240970,23,12
240980,10,5
240990,12,12
241000,19,8
241010,26,7
241020,8,12
241025,28,12
241030,24,11
241040,5,4
241050,21,10
241060,19,12
241070,9,5
241080,10,5
241090,20,12
241100,9,5
241105,22,12
241110,26,3
241120,30,11
241140,27,10
241142,9,4
241150,5,7
241160,25,11
241170,31,12
241180,31,12
241190,22,10
241200,11,12
241210,23,12
241220,16,12
241230,23,12
241240,4,11
241250,11,12
241255,16,7
241260,30,12
241270,11,5
241280,23,12
241290,29,10
241300,11,12
241310,31,12
241320,21,1
241330,30,12
241335,13,5
241340,3,8
241350,2,10
241355,30,10
241360,3,12
241370,31,12
241380,26,12
241390,10,3
241400,31,12
241410,10,2
241415,16,7
241420,3,4
241430,10,5
241440,11,4
241445,26,6
241450,27,11
241460,16,9
241470,20,12
241475,26,6
241480,26,3
241490,28,12
241500,31,12
250010,24,9
250020,22,12
250030,21,10
250040,5,9
250050,3,12
250053,29,4
250057,29,4
250060,24,4
250070,8,10
250073,29,4
250077,5,5
250080,22,7
250090,19,12
250100,10,7
250110,18,5
250115,29,4
250120,10,12
250130,2,12
250135,5,5
250140,2,1
250150,16,10
250153,29,4
250157,29,4
250160,8,5
250170,14,12
250180,15,12
250190,6,9
250200,22,12
250205,6,9
250210,1,12
250215,29,4
250220,5,11
250230,17,6
250240,15,11
250250,30,4
250260,22,12
250270,12,11
250280,1,10
250290,3,6
250300,27,12
250310,4,6
250320,12,12
250330,26,12
250340,30,12
250350,27,9
250355,29,4
250360,7,11
250370,22,8
250375,29,4
250380,13,1
250390,19,3
250400,11,10
250403,5,5
250407,29,4
250410,11,12
250415,27,4
250420,4,10
250430,25,5
250435,11,10
250440,8,10
250450,18,12
250460,10,8
250470,15,5
250480,4,4
250485,29,4
250490,7,3
250500,15,5
250510,17,7
250520,26,12
250523,5,5
250527,5,5
250530,2,7
250535,29,4
250540,22,10
250550,17,6
250560,30,12
250570,17,11
250580,22,12
250590,28,11
250600,1,12
250610,22,12
250620,16,12
250625,29,4
250630,26,11
250640,19,12
250650,2,1
250660,17,4
250670,4,1
250680,3,11
250690,26,5
250700,9,1
250710,29,12
250720,17,12
250730,30,1
250740,8,5
250750,5,8
250760,16,7
250770,1,1
250780,1,1
250790,22,12
250800,21,12
250810,22,12
250820,20,12
250830,4,1
250840,17,6
250850,11,11
250855,29,4
250860,22,12
250870,26,12
250880,26,12
250890,25,10
250900,21,12
250905,5,5
250910,19,9
250915,13,7
250920,7,5
250930,17,6
250933,29,4
250937,29,4
250939,14,12
250940,12,12
250950,14,10
250960,5,12
250970,28,6
250980,27,9
250990,29,11
251000,22,12
251010,30,4
251020,22,12
251030,14,11
251040,22,12
251050,20,1
251060,15,1
251065,29,4
251070,22,12
251080,24,10
251090,31,12
251100,30,3
251110,20,12
251120,5,5
251130,8,11
251140,9,3
251150,14,9
251160,20,7
251170,27,12
251180,4,12
251190,22,12
251200,10,12
251203,29,4
251207,13,10
251210,21,7
251220,7,1
251230,18,11
251240,28,1
251250,14,12
251260,6,5
251270,1,6
251272,29,4
251274,29,4
251275,29,4
251276,5,5
251278,29,4
251280,28,12
251290,6,12
251300,22,12
251310,5,12
251315,14,12
251320,29,12
251330,12,12
251335,29,4
251340,24,11
251350,5,11
251360,22,12
251365,26,7
251370,19,3
251380,22,12
251385,29,4
251390,29,4
251392,29,4
251394,29,4
251396,29,4
251398,19,10
251400,5,5
251410,24,6
251420,28,7
251430,7,11
251440,26,12
251445,29,4
251450,24,9
251455,29,4
251460,31,3
251465,29,4
251470,10,1
251480,22,12
251490,1,5
251500,22,12
251510,20,12
251520,8,6
251530,1,12
251540,9,1
251550,27,4
251560,21,1
251570,13,12
251580,17,12
251590,13,10
251593,29,4
251597,29,4
251600,26,11
251610,1,1
251615,29,4
251620,10,7
251630,2,4
251640,30,4
251650,1,1
251660,17,11
251670,29,8
251675,29,4
251680,22,12
251690,2,12
251700,2,5
251710,11,1
251720,29,7
251740,29,4
260005,14,5
260010,1,7
260020,31,5
260030,11,9
260040,3,6
260050,24,5
260060,31,12
260070,1,9
260080,28,6
260090,1,7
260100,6,6
260105,14,7
260110,11,9
260120,11,9
260130,29,12
260140,19,7
260150,31,12
260160,7,5
260170,11,9
260180,19,3
260190,18,5
260200,12,6
260210,28,12
260220,19,5
260230,20,5
260240,1,3
260250,1,3
260260,26,5
260270,20,12
260280,26,5
260290,9,7
260300,11,9
260310,21,11
260320,13,9
260330,22,2
260340,2,4
260345,13,5
260350,29,12
260360,20,12
260370,2,10
260380,21,12
260390,30,12
260392,1,10
260400,11,9
260410,18,5
260415,12,7
260420,11,9
260430,20,12
260440,20,12
260450,20,12
260460,11,11
260470,27,8
260480,29,12
260490,20,12
260500,29,12
260510,11,9
260515,1,10
260520,24,5
260530,8,9
260540,20,12
260545,10,8
260550,20,12
260560,11,9
260570,30,4
260580,20,12
260590,13,12
260600,4,2
260610,9,7
260620,5,5
260630,20,12
260640,15,3
260650,14,8
260660,20,12
260670,20,12
260680,27,9
260690,20,12
260700,6,1
260710,20,12
260720,30,3
260730,2,3
260740,20,12
260750,28,4
260760,1,1
260765,4,2
260770,29,12
260775,14,5
260780,20,12
260790,4,5
260795,28,9
260800,2,3
260805,28,9
260810,10,10
260820,4,6
260825,1,10
260830,11,3
260840,11,9
260845,1,10
260850,20,12
260860,25,3
260870,11,9
260875,16,6
260880,19,5
260890,6,4
260900,11,9
260910,20,12
260915,12,7
260920,11,9
260930,11,3
260940,11,9
260950,9,10
260960,12,3
260970,11,9
260980,24,3
260990,14,5
261000,9,6
261010,31,12
261020,18,5
261030,2,2
261040,1,7
261050,20,12
261060,4,2
261070,4,9
261080,8,8
261090,20,4
261100,1,7
261110,21,9
261120,29,12
261130,11,12
261140,20,12
261150,19,5
261153,1,10
261160,12,3
261170,29,12
261180,11,9
261190,11,6
261200,23,12
261210,26,10
261220,23,12
261230,20,12
261240,24,12
261245,1,10
261247,1,10
261250,29,12
261255,29,9
261260,7,6
261270,20,12
261280,1,1
261290,13,5
261300,30,4
261310,11,9
261320,25,11
261330,11,9
261340,11,4
261350,26,6
261360,9,3
261370,10,1
261380,30,12
261390,6,5
261400,11,9
261410,14,5
261420,6,1
261430,19,5
261440,20,12
261450,11,9
261460,27,5
261470,20,12
261480,13,5
261485,29,9
261500,20,5
261510,1,1
261520,1,3
261530,8,4
261540,30,12
261550,20,12
261560,20,12
261570,13,6
261580,20,12
261590,11,4
261600,20,3
261610,25,3
261618,1,10
261620,11,9
261630,11,9
261640,6,5
261650,1,10
270010,24,4
270020,18,7
270030,30,10
270040,1,2
270050,20,8
270060,2,8
270070,22,12
270080,28,8
270090,24,4
270100,11,11
270110,18,5
270120,19,9
270130,22,5
270135,25,11
270140,8,6
270150,14,8
270160,22,8
270170,16,10
270180,26,7
270190,11,3
270200,21,9
270210,12,6
270220,15,11
270230,16,5
270235,23,4
270240,14,2
270250,8,7
270255,5,10
270260,24,4
270270,7,8
270280,28,4
270290,1,1
270300,19,11
270310,4,10
270320,12,1
270330,22,8
270340,9,11
270350,4,2
270360,23,7
270370,20,6
270375,3,2
270380,25,8
270390,26,8
270400,9,7
270410,28,8
270420,31,5
270430,5,12
270440,17,9
270450,24,4
270460,2,1
270470,15,11
270480,24,8
270490,25,3
270500,5,6
270510,24,4
270520,6,9
270530,27,8
270540,15,6
270550,16,5
270560,1,12
270570,2,12
270580,14,9
270590,21,9
270600,2,2
270610,21,6
270620,27,8
270630,20,8
270640,3,3
270642,7,4
270644,5,10
270650,14,7
270660,2,12
270670,12,4
270680,31,5
270690,16,3
270700,10,10
270710,3,6
270720,20,1
270730,12,4
270740,9,6
270750,18,11
270760,16,3
270770,13,7
270780,18,12
270790,23,8
270800,24,4
270810,14,6
270820,1,10
270830,28,7
270840,24,12
270850,16,5
270860,18,6
270870,7,6
270880,22,7
270890,17,8
270895,13,5
270900,1,12
270910,24,8
270915,12,12
270920,16,5
270930,20,8
270940,13,10
280010,25,11
280020,4,4
280030,17,3
280040,9,4
280050,11,11
280060,25,11
280067,21,3
280070,22,10
280100,29,10
280110,23,1
280120,25,11
280130,28,8
280140,25,11
280150,16,10
280160,4,10
280170,24,4
280190,25,11
280200,12,3
280210,4,5
280220,18,10
280230,23,10
280240,28,3
280250,21,11
280260,5,2
280270,30,1
280280,28,3
280290,28,8
280300,19,10
280310,25,11
280320,28,3
280330,11,6
280340,6,2
280350,20,4
280360,7,8
280370,23,11
280380,25,11
280390,25,11
280400,5,5
280410,12,3
280420,25,11
280430,28,3
280440,18,10
280445,24,12
280450,26,9
280460,23,10
280470,13,5
280480,7,7
280490,7,10
280500,21,11
280510,25,11
280520,25,11
280530,26,11
280540,23,11
280550,25,11
280560,19,2
280570,7,2
280580,9,5
280590,31,3
280600,18,12
280610,12,3
280620,4,10
280630,16,2
280640,6,4
280650,25,11
280660,15,12
280670,1,1
280680,21,10
280690,17,6
280700,26,11
280710,12,6
280720,15,12
280730,20,1
280740,23,10
280750,25,11
280760,6,2
290010,22,2
290020,19,7
290030,28,11
290035,24,2
290040,13,7
290050,5,4
290060,12,4
290070,2,7
290080,12,11
290090,15,3
290100,19,6
290110,20,10
290115,25,2
290120,5,4
290130,28,4
290135,13,6
290140,5,7
290150,20,11
290160,13,8
290170,18,4
290180,5,7
290190,14,8
290195,13,6
290200,12,7
290205,24,2
290210,7,4
290220,6,9
290225,9,5
290230,7,2
290240,15,12
290250,30,7
290260,17,7
290265,24,2
290270,16,6
290280,26,10
290290,22,6
290300,14,8
290310,24,8
290320,26,5
290323,9,5
290327,30,3
290330,17,4
290340,23,5
290350,22,2
290360,23,4
290370,6,8
290380,19,7
290390,31,8
290395,13,6
290400,23,4
290405,13,6
290410,6,4
290420,22,3
290430,26,10
290440,16,7
290450,16,7
290460,11,6
290470,17,9
290475,9,5
290480,1,4
290485,13,6
290490,13,3
290500,14,8
290510,8,4
290515,8,1
290520,5,4
290530,16,7
290540,16,8
290550,25,4
290560,31,8
290570,28,9
290580,25,5
290590,5,7
290600,28,7
290610,19,7
290620,16,7
290630,25,5
290640,13,5
290650,14,8
290660,27,7
290670,5,7
290680,12,8
290682,26,2
290685,19,6
290687,9,5
290689,24,2
290690,23,4
290700,30,7
290710,20,4
290720,20,6
290730,26,6
290740,27,7
290750,26,6
290755,13,6
290760,12,8
290770,12,9
290780,9,6
290790,8,7
290800,12,12
290810,14,8
290820,23,7
290830,18,7
290840,7,7
290850,20,10
290860,17,12
290870,11,6
290880,6,10
290890,1,6
290900,28,12
290910,14,8
290920,28,7
290930,15,5
290940,30,6
290950,8,12
290960,19,7
290970,19,7
290980,29,7
290990,6,7
291000,12,4
291005,25,2
291010,5,4
291020,4,4
291030,20,7
291040,12,12
291050,3,4
291060,23,6
291070,19,9
291072,12,5
291075,1,4
291077,24,2
291080,18,9
291085,9,5
291090,27,7
291100,23,4
291110,22,12
291120,28,7
291125,19,3
291130,9,7
291140,1,5
291150,12,4
291160,14,3
291165,25,2
291170,14,8
291180,31,8
291185,11,4
291190,14,8
291200,17,7
291210,22,10
291220,20,7
291230,12,12
291240,19,9
291250,6,5
291260,20,8
291270,3,8
291280,20,7
291290,10,11
291300,20,2
291310,17,10
291320,14,8
291330,30,7
291340,1,9
291345,24,2
291350,12,12
291360,28,6
291370,6,8
291380,19,7
291390,2,12
291400,15,8
291410,9,8
291420,16,7
291430,28,1
291440,5,7
291450,17,10
291460,31,5
291465,13,6
291470,26,3
291480,28,7
291490,27,1
291500,25,9
291510,10,12
291520,14,8
291530,23,4
291535,24,2
291540,16,7
291550,12,12
291560,5,10
291570,18,7
291580,12,8
291590,30,7
291600,14,8
291610,25,10
291620,28,12
291630,14,8
291640,12,12
291650,28,4
291660,21,12
291670,17,7
291680,1,4
291685,13,6
291690,1,9
291700,17,1
291710,22,8
291720,9,10
291730,14,8
291733,24,2
291735,9,5
291740,7,6
291750,28,7
291760,18,5
291770,6,8
291780,27,12
291790,28,4
291800,25,10
291810,25,10
291820,31,1
291830,22,12
291835,9,5
291840,15,7
291845,24,2
291850,27,7
291855,9,5
291860,9,7
291870,20,2
291875,13,6
291880,20,7
291890,16,7
291900,12,7
291905,13,6
291910,20,7
291915,9,5
291920,31,7
291930,18,12
291940,12,4
291950,6,10
291955,30,3
291960,2,7
291970,17,6
291980,6,7
291990,27,7
291992,13,6
291995,9,5
292000,16,7
292010,31,12
292020,29,11
292030,12,7
292040,30,7
292045,25,2
292050,19,4
292060,8,5
292070,17,6
292080,27,7
292090,19,7
292100,15,4
292105,16,4
292110,14,8
292120,6,8
292130,22,12
292140,24,11
292145,13,6
292150,21,3
292160,16,7
292170,8,8
292180,30,11
292190,14,5
292200,10,10
292205,13,6
292210,1,3
292220,30,7
292225,13,6
292230,8,8
292240,26,7
292250,10,11
292260,19,12
292265,9,5
292270,8,11
292273,13,6
292275,13,6
292280,20,7
292285,24,2
292290,18,5
292300,23,10
292303,13,6
292305,24,2
292310,14,8
292320,1,6
292330,27,3
292335,13,6
292340,19,5
292350,23,12
292360,16,9
292370,25,6
292380,1,5
292390,18,4
292400,28,7
292405,20,3
292410,12,7
292420,28,7
292430,11,7
292440,15,1
292450,13,2
292460,4,3
292465,9,5
292467,24,2
292470,31,7
292480,27,9
292490,30,7
292500,5,4
292510,26,6
292520,29,7
292525,24,2
292530,30,6
292540,3,8
292550,2,8
292560,12,4
292570,28,12
292575,24,2
292580,10,6
292590,15,3
292593,13,6
292595,9,5
292600,9,8
292610,27,7
292620,19,7
292630,14,8
292640,13,8
292650,14,8
292660,19,9
292665,3,3
292670,28,8
292680,27,7
292690,17,11
292700,1,7
292710,30,7
292720,28,8
292730,27,7
292740,29,3
292750,14,12
292760,27,7
292770,23,7
292780,5,7
292790,26,10
292800,18,7
292805,10,5
292810,26,6
292820,26,8
292830,13,7
292840,26,3
292850,19,10
292860,13,3
292870,29,5
292880,21,9
292890,22,2
292895,13,6
292900,25,10
292905,13,6
292910,29,5
292920,30,3
292925,25,2
292930,28,7
292935,13,6
292937,13,6
292940,1,6
292950,12,10
292960,27,4
292970,14,8
292975,13,6
292980,6,7
292990,14,5
293000,30,7
293010,28,5
293015,13,6
293020,16,10
293030,12,4
293040,19,12
293050,13,6
293060,23,7
293070,7,11
293075,24,2
293076,13,6
293077,24,2
293080,5,7
293090,13,4
293100,22,9
293105,25,2
293110,14,8
293120,29,5
293130,27,7
293135,9,5
293140,20,10
293150,23,4
293160,19,7
293170,20,10
293180,5,11
293190,21,3
293200,9,7
293210,13,11
293220,27,7
293230,12,12
293240,22,9
293245,24,2
293250,2,8
293260,12,10
293270,12,12
293280,24,4
293290,29,9
293300,12,8
293305,25,2
293310,30,7
293315,25,2
293317,13,6
293320,31,7
293325,24,2
293330,9,11
293340,21,8
293345,25,2
293350,19,7
293360,13,6
310010,29,12
310020,1,1
310030,27,7
310040,1,3
310050,1,1
310060,12,12
310070,31,1
310080,1,1
310090,17,12
310100,1,3
310110,18,9
310120,20,7
310130,3,3
310140,1,3
310150,28,9
310160,15,10
310163,1,1
310170,13,1
310180,1,3
310190,17,12
310200,17,12
310205,21,12
310210,7,3
310220,1,3
310230,5,2
310240,1,3
310250,1,3
310260,22,2
310270,1,3
310280,20,7
310285,21,12
310290,27,12
310300,1,6
310310,1,3
310320,1,3
310330,1,3
310340,21,9
310350,28,8
310360,1,3
310370,1,3
310375,27,4
310380,1,3
310390,1,1
310400,19,12
310410,24,6
310420,16,7
310430,10,9
310440,1,3
310445,21,12
310450,1,3
310460,17,12
310470,31,12
310480,1,3
310490,2,5
310500,1,1
310510,10,7
310520,3,3
310530,1,3
310540,1,1
310550,30,12
310560,14,8
310570,1,1
310590,12,12
310600,29,4
310610,10,3
310620,12,12
310630,1,3
310640,17,12
310650,1,3
310660,1,3
310665,21,12
310670,17,12
310680,17,12
310690,7,9
310700,1,3
310710,15,10
310720,12,12
310730,14,7
310740,1,6
310750,17,12
310760,1,3
310770,6,8
310780,31,12
310790,12,12
310800,8,9
310810,7,10
310820,1,3
310825,21,12
310830,16,11
310840,30,8
310850,1,3
310855,22,5
310860,26,7
310870,1,1
310880,12,12
310890,16,9
310900,17,12
310910,19,10
310920,17,12
310925,21,12
310930,1,3
310940,1,3
310945,22,11
310950,15,8
310960,1,3
310970,1,6
310980,30,12
310990,13,6
311000,14,2
311010,1,3
311020,30,12
311030,27,3
311040,1,3
311050,20,7
311060,24,5
311070,12,5
311080,31,8
311090,2,10
311100,30,8
311110,17,12
311115,20,1
311120,28,9
311130,27,12
311140,17,12
311150,23,9
311160,16,9
311170,3,3
311180,14,7
311190,1,9
311200,17,12
311205,21,12
311210,1,3
311220,2,1
311230,10,9
311240,9,3
311250,1,1
311260,15,6
311265,1,1
311270,3,6
311280,27,12
311290,30,12
311300,1,1
311310,1,3
311320,27,4
311330,7,1
311340,24,6
311350,3,3
311360,1,1
311370,17,12
311380,1,3
311390,17,12
311400,17,12
311410,16,9
311420,27,12
311430,4,10
311440,5,11
311450,27,12
311455,27,4
311460,1,1
311470,17,5
311480,12,10
311490,2,3
311500,24,6
311510,15,2
311520,1,3
311530,7,9
311535,8,12
311540,1,3
311545,1,1
311547,21,12
311550,16,9
311560,2,3
311570,1,3
311580,9,1
311590,1,3
311600,1,3
311610,3,3
311615,25,8
311620,12,12
311630,7,8
311640,12,12
311650,3,3
311660,30,8
311670,27,12
311680,12,12
311690,1,1
311700,1,1
311710,1,1
311720,1,3
311730,17,12
311740,1,1
311750,8,12
311760,1,3
311770,30,8
311780,8,8
311783,21,12
311787,21,12
311790,12,12
311800,17,12
311810,1,3
311820,12,10
311830,19,9
311840,17,12
311850,1,3
311860,30,8
311870,27,12
311880,1,6
311890,17,12
311900,1,3
311910,20,7
311920,1,1
311930,7,9
311940,20,1
311950,12,12
311960,30,8
311970,8,12
311980,1,1
311990,12,12
311995,12,10
312000,1,3
312010,5,3
312015,1,1
312020,4,6
312030,1,3
312040,17,12
312050,13,5
312060,27,12
312070,1,3
312080,27,12
312083,21,12
312087,22,12
312090,30,7
312100,1,3
312110,27,12
312120,17,12
312125,12,12
312130,30,5
312140,12,12
312150,1,3
312160,6,3
312170,8,9
312180,27,12
312190,1,3
312200,17,12
312210,1,3
312220,1,3
312230,1,6
312235,22,12
312240,17,12
312245,27,4
312247,21,12
312250,1,3
312260,17,12
312270,14,8
312280,7,10
312290,1,3
312300,17,12
312310,31,12
312320,8,10
312330,1,1
312340,1,3
312350,1,3
312352,24,4
312360,30,8
312370,1,3
312380,1,3
312385,1,1
312390,20,1
312400,17,6
312410,16,9
312420,18,9
312430,9,3
312440,1,3
312450,27,12
312460,1,1
312470,27,12
312480,19,9
312490,3,5
312500,1,9
312510,22,5
312520,19,3
312530,12,12
312540,1,3
312550,1,3
312560,1,3
312570,20,3
312580,1,3
312590,23,9
312595,1,1
312600,1,3
312610,6,6
312620,1,3
312630,1,3
312640,1,3
312650,1,3
312660,1,3
312670,8,9
312675,22,12
312680,24,7
312690,2,3
312695,21,12
312700,18,7
312705,1,3
312707,21,12
312710,4,10
312720,30,12
312730,8,12
312733,21,12
312735,21,12
312737,22,12
312738,21,12
312740,1,3
312750,1,3
312760,1,1
312770,30,1
312780,23,3
312790,1,3
312800,25,10
312810,4,10
312820,1,7
312825,21,12
312830,16,9
312840,30,8
312850,5,12
312860,1,3
312870,1,6
312880,26,7
312890,1,3
312900,17,12
312910,30,9
312920,26,12
312930,1,1
312940,1,3
312950,7,9
312960,1,3
312965,21,12
312970,7,9
312980,1,3
312990,1,3
313000,1,3
313005,1,1
313010,1,3
313020,1,3
313030,15,8
313040,1,3
313050,12,12
313055,21,12
313060,1,3
313065,21,12
313070,17,12
313080,1,3
313090,17,12
313100,27,12
313110,31,3
313115,1,1
313120,7,9
313130,29,4
313140,1,9
313150,12,12
313160,31,3
313170,9,10
313180,8,12
313190,7,9
313200,1,3
313210,2,3
313220,31,12
313230,30,12
313240,19,3
313250,24,6
313260,1,3
313270,13,4
313280,1,3
313290,24,6
313300,17,12
313310,7,9
313320,1,1
313330,16,8
313340,27,12
313350,20,11
313360,1,3
313370,1,3
313375,11,9
313380,16,9
313390,30,12
313400,31,12
313410,20,3
313420,16,9
313430,1,1
313440,23,8
313450,12,12
313460,17,12
313470,31,12
313480,19,7
313490,16,9
313500,12,12
313505,27,4
313507,1,1
313510,27,12
313520,7,10
313530,1,3
313535,21,12
313540,12,12
313545,1,1
313550,9,9
313560,27,12
313570,27,12
313580,29,9
313590,27,12
313600,27,12
313610,12,12
313620,29,4
313630,30,8
313640,1,3
313650,27,12
313652,21,12
313655,21,12
313657,22,12
313660,3,3
313665,28,4
313670,31,5
313680,12,12
313690,27,12
313695,21,9
313700,1,1
313710,31,12
313720,27,12
313730,1,3
313740,6,6
313750,1,3
313753,27,4
313760,17,12
313770,22,6
313780,18,9
313790,31,5
313800,17,12
313810,12,12
313820,13,10
313830,1,3
313835,22,12
313840,27,4
313850,17,12
313860,30,10
313862,29,6
313865,1,1
313867,21,12
313868,22,12
313870,1,1
313880,7,9
313890,1,1
313900,13,9
313910,12,12
313920,14,9
313925,1,1
313930,7,9
313940,5,11
313950,16,3
313960,13,6
313970,12,12
313980,24,9
313990,1,6
314000,16,7
314010,13,3
314015,21,12
314020,1,3
314030,12,12
314040,1,3
314050,17,12
314053,22,10
314055,1,1
314060,1,3
314070,17,12
314080,7,9
314085,1,1
314090,17,12
314100,1,1
314110,23,8
314120,10,1
314130,1,3
314140,22,5
314150,23,8
314160,1,6
314170,7,9
314180,2,10
314190,12,12
314200,3,3
314210,17,12
314220,7,9
314225,21,12
314230,12,12
314240,12,12
314250,1,3
314260,8,12
314270,22,4
314280,16,9
314290,4,10
314300,7,5
314310,6,10
314315,21,12
314320,26,6
314330,3,7
314340,29,3
314345,1,1
314350,17,9
314360,1,3
314370,12,12
314380,12,12
314390,16,5
314400,17,6
314410,30,11
314420,1,3
314430,27,12
314435,21,12
314437,21,12
314440,20,7
314450,12,12
314460,30,8
314465,1,2
314467,20,7
314470,19,3
314480,5,2
314490,23,4
314500,17,12
314505,21,12
314510,10,9
314520,1,1
314530,1,1
314535,21,12
314537,21,12
314540,1,3
314545,21,12
314550,1,3
314560,19,9
314570,12,12
314580,1,3
314585,22,10
314587,21,12
314590,12,12
314600,16,3
314610,8,7
314620,15,1
314625,21,12
314630,31,12
314640,30,12
314650,31,12
314655,21,12
314660,8,7
314670,24,5
314675,29,4
314690,20,1
314700,20,10
314710,20,9
314720,30,8
314730,25,1
314740,1,6
314750,19,3
314760,1,9
314770,30,8
314780,12,12
314790,14,5
314795,21,12
314800,24,5
314810,7,4
314820,24,5
314830,1,1
314840,12,12
314850,1,3
314860,7,1
314870,1,6
314875,22,10
314880,30,12
314890,1,3
314900,1,3
314910,7,5
314915,27,4
314920,1,3
314930,27,1
314940,1,3
314950,13,12
314960,1,6
314970,12,12
314980,17,12
314990,1,6
314995,21,12
315000,30,12
315010,12,10
315015,15,1
315020,1,3
315030,1,1
315040,1,3
315050,1,1
315053,21,12
315057,21,12
315060,12,12
315070,12,12
315080,5,10
315090,1,3
315100,1,3
315110,17,12
315120,1,6
315130,12,12
315140,9,6
315150,20,7
315160,30,12
315170,2,4
315180,6,11
315190,27,12
315200,1,1
315210,30,10
315213,21,12
315217,21,12
315220,17,12
315230,18,8
315240,1,1
315250,19,10
315260,19,10
315270,24,5
315280,15,11
315290,31,12
315300,27,12
315310,1,1
315320,1,3
315330,1,3
315340,1,1
315350,1,1
315360,1,3
315370,12,12
315380,1,3
315390,16,2
315400,19,9
315410,1,1
315415,19,11
315420,2,6
315430,1,1
315440,12,12
315445,1,1
315450,10,3
315460,12,12
315470,27,12
315480,27,12
315490,1,6
315500,7,4
315510,12,12
315520,11,6
315530,2,3
315540,13,9
315550,30,11
315560,15,7
315570,29,9
315580,25,8
315590,21,9
315600,31,1
315610,1,3
315620,1,3
315630,1,3
315640,1,3
315645,22,12
315650,1,3
315660,31,12
315670,17,7
315680,24,2
315690,12,10
315700,4,10
315710,27,12
315720,13,6
315725,27,4
315727,1,1
315730,30,12
315733,21,12
315737,23,12
315740,27,12
315750,1,3
315760,1,3
315765,21,12
315770,17,12
315780,18,3
315790,5,11
315800,1,1
315810,30,12
315820,16,3
315830,1,3
315840,26,7
315850,1,1
315860,12,12
315870,2,3
315880,12,12
315890,1,3
315895,28,4
315900,1,3
315910,1,3
315920,1,1
315930,22,5
315935,1,1
315940,3,3
315950,1,3
315960,22,5
315970,1,3
315980,31,5
315990,12,6
316000,13,6
316010,12,12
316020,1,3
316030,1,3
316040,16,11
316045,21,12
316050,1,3
316060,1,3
316070,27,7
316080,1,3
316090,12,12
316095,21,12
316100,4,8
316105,30,5
316110,5,11
316120,1,3
316130,30,12
316140,12,12
316150,27,3
316160,1,3
316165,22,12
316170,31,12
316180,16,1
316190,1,3
316200,31,5
316210,30,9
316220,24,6
316225,21,12
316230,17,2
316240,31,12
316245,21,12
316250,8,12
316255,27,4
316257,1,1
316260,1,3
316265,24,6
316270,1,1
316280,31,1
316290,16,5
316292,21,12
316294,21,12
316295,1,1
316300,19,3
316310,1,3
316320,12,12
316330,19,3
316340,12,12
316350,15,12
316360,1,3
316370,1,4
316380,12,12
316390,1,1
316400,29,6
316410,1,3
316420,2,3
316430,17,12
316440,1,3
316443,21,12
316447,21,12
316450,1,1
316460,1,3
316470,25,10
316480,1,3
316490,1,3
316500,26,7
316510,20,7
316520,1,3
316530,17,12
316540,17,12
316550,1,3
316553,21,12
316555,22,12
316556,21,12
316557,1,1
316560,1,3
316570,17,12
316580,1,3
316590,1,3
316600,6,7
316610,1,1
316620,12,12
316630,1,3
316640,31,12
316650,1,3
316660,1,3
316670,1,3
316680,1,9
316690,12,10
316695,21,12
316700,12,12
316710,29,1
316720,24,11
316730,1,3
316740,30,8
316750,1,3
316760,28,10
316770,31,12
316780,17,12
316790,12,12
316800,12,12
316805,21,12
316810,1,3
316820,1,1
316830,1,3
316840,31,1
316850,17,12
316860,7,9
316870,29,4
316880,19,1
316890,10,2
316900,19,3
316905,29,12
316910,27,12
316920,21,5
316930,23,9
316935,1,3
316940,3,7
316950,10,3
316960,1,6
316970,1,1
316980,1,3
316990,3,7
317000,1,3
317005,1,1
317010,2,3
317020,31,8
317030,1,1
317040,15,1
317043,22,10
317047,20,1
317050,22,7
317052,1,1
317057,19,3
317060,12,12
317065,21,12
317070,7,10
317075,22,10
317080,8,12
317090,3,3
317100,12,12
317103,21,12
317107,21,12
317110,1,1
317115,21,12
317120,27,12
317130,30,9
317140,12,12
317150,31,3
317160,27,12
317170,30,8
317180,9,3
317190,1,1
317200,28,9
317210,17,12
317220,1,3
320010,20,1
320013,11,5
320016,10,5
320020,6,1
320030,24,1
320035,11,5
320040,12,8
320050,16,8
320060,3,4
320070,10,4
320080,18,4
320090,12,9
320100,3,5
320110,9,4
320115,15,12
320120,25,3
320130,24,6
320140,2,1
320150,22,8
320160,6,10
320170,9,5
320180,5,6
320190,12,6
320200,7,4
320210,9,4
320220,5,7
320225,11,5
320230,25,12
320240,19,9
320245,7,11
320250,11,9
320255,15,9
320260,11,11
320265,1,1
320270,17,2
320280,30,3
320290,18,4
320300,11,11
320305,31,1
320310,28,11
320313,29,1
320316,16,5
320320,22,8
320330,7,1
320332,16,10
320334,31,10
320335,15,5
320340,8,7
320350,16,4
320360,11,12
320370,1,3
320380,22,10
320390,26,1
320400,13,5
320405,23,12
320410,22,4
320420,24,12
320425,30,3
320430,4,4
320435,31,1
320440,23,11
320450,6,5
320455,6,5
320460,15,10
320465,30,3
320470,14,5
320480,5,11
320490,21,9
320495,25,6
320500,8,12
320501,31,3
320503,10,5
320506,6,5
320510,23,7
320515,16,1
320517,23,3
320520,23,5
320530,8,9
330010,6,1
330015,10,4
330020,6,2
330022,10,4
330023,12,11
330025,13,5
330030,10,3
330040,3,10
330045,3,4
330050,5,3
330060,15,8
330070,13,11
330080,15,5
330090,5,11
330093,13,3
330095,30,6
330100,28,3
330110,9,3
330115,30,11
330120,13,10
330130,15,9
330140,15,3
330150,31,12
330160,8,5
330170,31,12
330180,4,10
330185,25,11
330187,8,6
330190,22,5
330200,5,7
330205,12,6
330210,28,10
330220,10,5
330225,1,6
330227,30,6
330230,14,9
330240,29,7
330245,28,12
330250,9,6
330260,11,11
330270,26,5
330280,11,7
330285,25,9
330290,25,10
330300,3,5
330310,20,6
330320,21,8
330330,22,11
330340,16,5
330350,15,1
330360,8,8
330370,15,1
330380,28,2
330385,15,12
330390,16,3
330395,13,6
330400,17,10
330410,21,8
330411,5,11
330412,25,11
330414,25,11
330415,5,12
330420,29,9
330430,7,5
330440,19,5
330450,17,3
330452,10,4
330455,1,3
330460,8,6
330470,13,6
330475,18,1
330480,19,4
330490,22,9
330500,17,6
330510,21,8
330513,28,12
330515,15,12
330520,16,5
330530,17,4
330540,7,9
330550,8,5
330555,12,10
330560,8,5
330570,10,6
330575,15,11
330580,6,7
330590,25,4
330600,14,12
330610,29,9
330615,25,11
330620,29,9
330630,17,7
350010,13,6
350020,30,11
350030,6,8
350040,3,7
350050,16,11
350055,20,4
350060,25,7
350070,27,7
350075,19,5
350080,4,4
350090,31,12
350100,9,3
350110,24,6
350115,2,4
350120,10,4
350130,30,11
350140,22,11
350150,8,8
350160,27,8
350170,21,3
350180,24,6
350190,8,4
350200,21,6
350210,11,7
350220,11,3
350230,15,4
350240,6,8
350250,17,12
350260,22,3
350270,14,8
350275,19,5
350280,2,12
350290,7,4
350300,4,4
350310,19,3
350315,19,5
350320,22,8
350330,24,3
350335,22,8
350340,1,4
350350,26,7
350360,3,5
350370,10,4
350380,10,4
350390,8,6
350395,19,3
350400,1,7
350410,24,6
350420,20,11
350430,2,12
350440,29,12
350450,15,9
350460,18,2
350470,24,6
350480,17,11
350490,10,7
350500,21,3
350510,31,1
350520,16,6
350530,19,3
350535,19,5
350540,21,3
350550,25,8
350560,30,12
350570,26,3
350580,18,6
350590,14,3
350600,1,8
350610,3,5
350620,27,3
350630,9,10
350635,19,5
350640,18,4
350650,7,12
350660,5,5
350670,21,7
350680,23,5
350690,21,4
350700,6,9
350710,22,5
350715,27,4
350720,31,3
350730,7,5
350740,21,3
350745,9,1
350750,14,4
350760,15,12
350770,20,1
350775,30,12
350780,22,8
350790,3,5
350800,25,1
350810,24,8
350820,8,9
350830,24,12
350840,24,3
350850,14,4
350860,9,3
350870,8,12
350880,11,4
350890,30,12
350900,14,12
350910,19,3
350920,18,2
350925,19,5
350930,13,5
350940,18,8
350945,19,5
350950,14,7
350960,21,3
350970,29,4
350980,10,3
350990,12,8
350995,30,12
351000,26,10
351010,18,2
351015,19,5
351020,2,4
351030,26,3
351040,10,7
351050,20,4
351060,26,3
351070,20,1
351080,25,10
351090,18,2
351100,10,8
351110,14,4
351120,3,5
351130,21,6
351140,10,10
351150,3,4
351160,3,5
351170,30,12
351190,24,6
351200,21,4
351210,18,2
351220,9,4
351230,4,12
351240,13,6
351250,13,6
351260,21,3
351270,19,3
351280,30,11
351290,10,10
351300,2,4
351310,19,3
351320,28,7
351330,4,4
351340,2,10
351350,9,4
351360,20,4
351370,8,9
351380,8,12
351385,6,1
351390,30,12
351400,28,3
351410,4,2
351420,19,10
351430,19,5
351440,8,12
351450,11,12
351460,21,3
351470,30,11
351480,10,3
351490,30,11
351492,9,8
351495,9,1
351500,18,2
351510,28,3
351512,19,5
351515,19,5
351518,27,12
351519,5,11
351520,25,1
351530,21,3
351535,15,9
351540,31,3
351550,22,5
351560,5,7
351565,27,12
351570,14,10
351580,19,3
351590,6,8
351600,25,10
351610,30,12
351620,28,11
351630,21,3
351640,30,11
351650,3,11
351660,14,4
351670,5,5
351680,24,6
351685,27,12
351690,15,9
351700,25,3
351710,30,12
351720,13,12
351730,8,11
351740,18,5
351750,30,11
351760,2,5
351770,15,9
351780,12,10
351790,30,11
351800,18,8
351810,30,11
351820,8,12
351830,19,9
351840,13,6
351850,16,3
351860,21,9
351870,30,6
351880,8,12
351885,5,11
351890,28,3
351900,30,11
351905,27,10
351907,19,5
351910,15,4
351920,21,6
351925,9,1
351930,24,6
351940,12,12
351950,30,11
351960,4,7
351970,24,3
351980,30,12
351990,24,6
352000,19,10
352010,22,5
352020,30,12
352030,3,12
352040,3,9
352042,5,3
352044,15,10
352050,9,12
352060,17,3
352070,12,5
352080,22,8
352090,20,9
352100,21,3
352110,21,3
352115,30,12
352120,12,1
352130,26,3
352140,3,5
352150,30,11
352160,6,5
352170,25,4
352180,30,8
352190,4,4
352200,20,1
352210,22,4
352215,19,11
352220,8,5
352230,5,11
352240,20,9
352250,18,2
352260,24,10
352265,12,3
352270,20,10
352280,6,3
352290,11,9
352300,21,3
352310,8,9
352320,28,8
352330,9,4
352340,1,11
352350,24,7
352360,25,3
352370,27,3
352380,27,8
352390,2,2
352400,21,3
352410,10,3
352420,18,3
352430,16,7
352440,3,4
352450,4,4
352460,23,6
352470,12,9
352480,15,4
352490,30,3
352500,8,12
352510,27,7
352520,17,4
352530,15,8
352540,7,4
352550,24,6
352560,19,3
352570,24,6
352580,12,10
352585,21,5
352590,14,12
352600,13,6
352610,10,4
352620,28,3
352630,23,12
352640,10,10
352650,12,10
352660,27,6
352670,29,8
352680,28,4
352690,15,9
352700,21,3
352710,21,4
352720,14,11
352725,5,3
352730,21,3
352740,24,6
352750,29,6
352760,13,12
352770,18,2
352780,30,12
352790,30,11
352800,13,6
352810,2,5
352820,27,10
352830,3,10
352840,27,10
352850,27,3
352860,30,11
352870,11,9
352880,19,12
352885,27,10
352890,8,12
352900,4,4
352910,13,6
352920,13,6
352930,27,8
352940,8,12
352950,8,12
352960,19,3
352965,6,8
352970,14,1
352980,29,8
352990,30,11
353000,21,3
353010,24,6
353020,29,11
353030,8,9
353040,13,6
353050,5,4
353060,1,9
353070,9,4
353080,22,10
353090,21,3
353100,21,3
353110,7,12
353120,6,8
353130,15,5
353140,10,3
353150,29,6
353160,22,11
353170,26,4
353180,24,3
353190,6,1
353200,29,6
353205,20,1
353210,1,5
353215,21,5
353220,21,3
353230,13,8
353240,21,11
353250,22,5
353260,24,6
353270,8,9
353280,12,10
353282,12,3
353284,29,6
353286,8,12
353290,30,12
353300,22,3
353310,20,10
353320,21,3
353325,19,5
353330,29,6
353340,24,5
353350,28,10
353360,9,9
353370,13,6
353380,7,4
353390,2,3
353400,22,3
353410,30,11
353420,21,3
353430,30,3
353440,19,2
353450,24,4
353460,6,6
353470,13,12
353475,24,6
353480,23,3
353490,2,4
353500,30,5
353510,8,12
353520,13,12
353530,20,1
353540,19,3
353550,12,3
353560,13,6
353570,15,8
353580,20,4
353590,16,9
353600,8,12
353610,18,2
353620,11,10
353625,20,1
353630,10,3
353640,29,6
353650,28,2
353657,21,5
353660,30,11
353670,22,5
353680,6,4
353690,6,8
353700,15,8
353710,31,10
353715,21,9
353720,9,4
353730,25,10
353740,11,8
353750,8,12
353760,18,2
353770,8,11
353780,20,5
353790,5,11
353800,10,7
353810,21,3
353820,3,5
353830,20,3
353850,15,6
353860,16,6
353870,1,8
353880,20,1
353890,29,3
353900,7,3
353910,6,8
353920,9,4
353930,6,8
353940,18,5
353950,15,8
353960,3,4
353970,30,12
353980,26,3
353990,3,5
354000,17,9
354010,2,4
354020,18,10
354025,15,8
354030,10,4
354040,24,6
354050,4,6
354060,13,10
354070,29,7
354075,19,5
354080,21,3
354085,22,3
354090,13,6
354100,19,1
354105,22,3
354110,2,12
354120,12,10
354130,27,3
354140,14,9
354150,2,9
354160,29,11
354165,22,3
354170,13,6
354180,28,3
354190,4,3
354200,30,11
354210,21,3
354220,13,6
354230,25,8
354240,28,6
354250,3,4
354260,30,11
354270,28,2
354280,20,10
354290,5,3
354300,6,9
354310,7,4
354320,21,3
354323,6,8
354325,19,5
354330,19,3
354340,19,6
354350,30,12
354360,24,12
354370,20,8
354380,4,10
354390,24,6
354400,10,7
354410,3,5
354420,26,3
354425,5,11
354430,21,3
354440,24,8
354450,3,10
354460,20,1
354470,18,2
354480,30,11
354490,22,5
354500,28,2
354510,18,2
354515,19,5
354520,16,6
354530,24,6
354540,27,12
354550,28,10
354560,22,3
354570,24,6
354580,4,12
354600,22,5
354610,21,3
354620,3,5
354625,31,3
354630,3,5
354640,20,1
354650,21,3
354660,24,6
354670,16,8
354680,10,7
354690,19,12
354700,27,10
354710,24,9
354720,21,3
354730,14,11
354740,22,5
354750,22,5
354760,4,9
354765,22,3
354770,19,11
354780,8,4
354790,13,6
354800,13,6
354805,12,6
354810,26,3
354820,13,6
354830,19,4
354840,3,5
354850,26,1
354860,16,8
354870,20,8
354880,28,7
354890,4,11
354900,3,5
354910,24,6
354920,24,6
354925,24,6
354930,24,6
354940,30,5
354950,19,3
354960,9,3
354970,19,3
354980,19,3
354990,27,7
354995,12,3
355000,8,5
355010,17,6
355020,1,4
355030,25,1
355040,22,2
355050,29,5
355060,16,8
355070,16,3
355080,4,11
355090,28,10
355100,22,1
355110,13,3
355120,18,2
355130,28,2
355140,14,11
355150,10,4
355160,23,9
355170,5,12
355180,18,12
355190,19,2
355200,28,2
355210,9,8
355220,15,8
355230,10,12
355240,26,7
355250,2,4
355255,13,6
355260,27,11
355270,26,4
355280,19,2
355290,1,11
355300,18,2
355310,19,3
355320,13,6
355330,20,8
355340,4,7
355350,19,2
355360,27,12
355365,22,8
355370,16,8
355380,16,8
355385,27,10
355390,21,3
355395,20,10
355400,11,8
355410,5,12
355420,25,4
355430,21,3
355440,26,3
355450,8,3
355460,24,10
355465,27,10
355470,7,4
355475,27,12
355480,26,11
355490,12,10
355495,19,5
355500,12,10
355510,28,8
355520,19,7
355530,6,8
355535,29,6
355540,28,10
355550,2,4
355560,28,3
355570,21,3
355580,13,6
355590,1,1
355600,24,9
355610,3,5
355620,28,5
355630,30,5
355635,30,12
355640,26,9
355645,27,11
355650,21,3
355660,25,1
355670,2,4
355680,23,3
355690,25,3
355695,19,3
355700,8,12
355710,8,8
355715,12,3
355720,4,12
355730,19,5
410010,17,10
410020,25,7
410030,18,11
410040,28,10
410045,27,4
410050,12,12
410060,5,5
410070,25,7
410080,14,12
410090,12,11
410100,28,11
410105,11,6
410110,14,9
410115,3,9
410120,6,11
410130,24,10
410140,28,1
410150,10,10
410160,18,12
410165,8,12
410170,29,11
410180,11,2
410185,21,12
410190,1,5
410200,20,8
410210,14,12
410220,28,7
410230,25,1
410240,20,6
410250,25,7
410260,14,12
410270,19,12
410275,21,12
410280,16,10
410290,14,12
410300,14,12
410302,26,4
410304,18,9
410305,22,12
410310,12,4
410315,3,12
410320,26,11
410322,8,1
410330,14,12
410335,3,5
410337,1,1
410340,19,11
410345,25,11
410347,20,7
410350,26,11
410360,21,9
410370,11,10
410380,22,10
410390,4,11
410395,4,10
410400,14,11
410405,31,10
410410,29,10
410420,23,2
410425,11,12
410430,10,10
410440,26,11
410442,27,8
410445,12,5
410450,14,11
410460,28,4
410465,13,12
410470,2,4
410480,14,11
410490,19,3
410500,25,7
410510,14,12
410520,27,10
410530,8,10
410540,14,12
410550,26,7
410560,25,7
410570,28,6
410580,5,2
410590,10,12
410600,20,3
410610,3,12
410620,14,11
410630,8,12
410640,15,2
410645,10,12
410650,14,12
410655,27,5
410657,26,4
410660,26,8
410670,26,12
410680,14,12
410685,13,12
410690,29,3
410700,26,10
410710,13,12
410712,12,7
410715,21,12
410720,28,11
410725,1,2
410730,14,12
410740,14,12
410750,26,11
410752,21,12
410753,18,6
410754,18,4
410755,23,6
410760,14,12
410765,26,1
410770,25,7
410773,10,12
410775,20,4
410780,15,12
410785,22,12
410790,18,11
410800,14,11
410810,25,7
410820,8,12
410830,10,6
410832,1,3
410840,14,12
410845,22,10
410850,19,11
410855,5,4
410860,10,8
410865,30,10
410870,14,3
410880,14,11
410890,11,11
410895,16,11
410900,2,3
410910,25,1
410920,1,12
410930,14,11
410940,9,12
410950,11,3
410960,29,4
410965,15,11
410970,9,11
410975,12,6
410980,8,11
410990,25,7
411000,22,11
411005,10,11
411007,8,12
411010,3,5
411020,25,11
411030,15,11
411040,14,12
411050,7,12
411060,12,10
411065,4,7
411070,15,7
411080,25,7
411090,30,11
411095,10,11
411100,30,11
411110,25,7
411120,14,12
411125,10,12
411130,19,11
411140,10,6
411150,19,11
411155,2,5
411160,18,11
411170,15,11
411180,2,4
411190,7,11
411200,15,9
411210,14,12
411220,18,11
411230,14,12
411240,13,12
411250,28,4
411260,11,12
411270,10,10
411275,13,5
411280,21,9
411290,5,12
411295,16,12
411300,16,6
411310,7,8
411320,13,6
411325,9,1
411330,29,11
411340,14,12
411342,5,6
411345,12,6
411350,27,11
411360,31,7
411370,10,12
411373,25,9
411375,19,12
411380,27,1
411390,21,9
411400,10,9
411410,14,12
411420,6,5
411430,25,7
411435,21,12
411440,21,11
411450,8,1
411460,25,7
411470,25,7
411480,14,11
411490,14,12
411500,19,10
411510,29,11
411520,10,5
411530,25,7
411535,17,4
411540,17,4
411545,25,11
411550,25,7
411560,25,7
411570,12,6
411573,31,1
411575,24,5
411580,25,7
411585,13,9
411590,13,11
411600,11,11
411605,1,2
411610,25,7
411620,31,10
411630,3,11
411640,1,12
411650,11,11
411660,25,7
411670,25,9
411680,14,12
411690,14,12
411695,15,12
411700,14,12
411705,16,5
411710,15,3
411720,6,8
411721,9,5
411722,29,4
411725,1,2
411727,8,12
411729,28,9
411730,14,12
411740,25,7
411745,12,6
411750,19,11
411760,14,4
411770,9,11
411780,15,11
411790,25,7
411800,12,3
411810,26,11
411820,29,7
411830,11,12
411840,14,12
411845,18,6
411850,14,11
411860,8,12
411870,14,12
411880,14,12
411885,29,4
411890,14,9
411900,27,11
411910,1,11
411915,20,3
411920,14,12
411925,10,11
411930,15,12
411940,23,4
411950,29,1
411960,28,1
411965,15,12
411970,12,11
411980,11,11
411990,15,9
411995,20,12
412000,8,12
412010,9,11
412015,13,12
412020,21,4
412030,8,12
412033,28,9
412035,11,5
412040,29,11
412050,1,5
412060,12,8
412065,29,4
412070,26,10
412080,9,11
412085,13,9
412090,15,12
412100,5,12
412110,14,12
412120,13,6
412125,10,11
412130,19,11
412135,20,3
412140,12,11
412150,21,9
412160,29,11
412170,26,3
412175,4,9
412180,13,5
412190,10,10
412200,14,7
412210,28,4
412215,19,3
412217,21,12
412220,11,10
412230,15,11
412240,30,12
412250,5,11
412260,3,12
412265,30,10
412270,26,11
412280,14,12
412290,25,7
412300,18,2
412310,14,11
412320,22,11
412330,30,11
412340,9,12
412350,26,5
412360,3,12
412370,2,7
412380,29,11
412382,9,5
412385,11,7
412390,11,10
412395,10,9
412400,22,10
412402,12,6
412405,3,5
412410,20,8
412420,25,11
412430,25,7
412440,14,11
412450,14,12
412460,16,12
412470,30,9
412480,25,7
412490,26,11
412500,20,12
412510,15,2
412520,23,11
412530,8,12
412535,22,6
412540,21,10
412545,17,4
412550,19,3
412555,13,9
412560,21,9
412570,28,11
412575,16,7
412580,30,10
412590,30,12
412600,14,11
412610,25,7
412620,22,9
412625,7,10
412627,19,3
412630,1,3
412635,22,10
412640,14,12
412650,6,6
412660,23,9
412665,21,1
412667,13,12
412670,26,11
412680,11,4
412690,2,2
412700,14,7
412710,21,3
412720,13,7
412730,4,12
412740,14,12
412750,18,3
412760,14,11
412770,14,12
412780,2,6
412785,13,5
412788,10,11
412790,25,6
412795,8,10
412796,12,5
412800,4,11
412810,26,6
412820,27,3
412830,15,11
412840,5,5
412850,26,11
412853,14,5
412855,25,11
412860,26,10
412862,9,5
412863,3,12
412865,17,5
412870,29,11
412880,25,7
420005,26,4
420010,25,7
420020,25,7
420030,6,6
420040,25,7
420050,14,12
420055,12,12
420060,29,12
420070,29,12
420075,4,7
420080,20,3
420090,7,12
420100,4,12
420110,29,12
420120,6,11
420125,1,6
420127,31,3
420130,5,4
420140,3,4
420150,19,12
420160,15,12
420165,9,1
420170,7,4
420180,27,12
420190,6,6
420195,29,12
420200,20,7
420205,9,1
420207,29,12
420208,29,9
420209,29,12
420210,7,12
420213,16,4
420215,9,1
420220,29,12
420230,17,5
420240,2,9
420243,16,7
420245,15,3
420250,5,3
420253,19,7
420257,19,7
420260,14,1
420270,9,6
420280,22,10
420285,26,9
420287,29,12
420290,4,8
420300,25,3
420310,6,6
420315,9,1
420320,5,4
420325,29,9
420330,18,3
420340,3,12
420350,1,5
420360,30,3
420370,23,12
420380,12,9
420390,17,2
420395,30,3
420400,16,3
420410,14,12
420415,26,4
420417,26,9
420419,29,11
420420,25,8
420425,26,9
420430,29,7
420435,30,3
420440,6,10
420445,30,3
420450,7,7
420455,10,5
420460,6,1
420470,20,7
420475,29,9
420480,11,6
420490,16,12
420500,14,3
420510,17,5
420515,1,6
420517,19,7
420519,19,9
420520,18,6
420530,26,7
420535,29,9
420540,23,3
420543,9,1
420545,26,4
420550,31,12
420555,20,7
420560,7,4
420570,19,12
420580,20,12
420590,18,3
420600,6,11
420610,20,7
420620,20,12
420630,10,6
420640,1,10
420650,28,8
420660,18,12
420665,12,12
420670,25,8
420675,20,7
420680,1,5
420690,11,3
420700,30,12
420710,21,6
420720,27,8
420730,21,6
420740,10,9
420750,21,3
420757,20,7
420760,15,8
420765,1,6
420768,31,3
420770,7,4
420775,26,4
420780,11,9
420785,9,1
420790,22,7
420800,13,12
420810,28,10
420820,15,6
420830,21,4
420840,14,2
420845,26,4
420850,14,2
420860,11,9
420870,23,7
420880,20,12
420890,25,7
420895,20,3
420900,25,8
420910,9,3
420915,26,4
420917,19,7
420920,11,11
420930,22,11
420940,29,7
420945,12,12
420950,12,12
420960,20,1
420970,19,12
420980,12,12
420985,26,4
420990,31,12
421000,18,7
421003,25,8
421005,30,3
421010,8,9
421020,28,12
421030,23,1
421040,12,5
421050,27,7
421055,11,6
421060,11,11
421070,23,4
421080,20,12
421085,26,9
421090,30,12
421100,30,12
421105,26,9
421110,15,5
421120,20,5
421125,30,3
421130,26,8
421140,28,12
421145,26,9
421150,8,8
421160,21,6
421165,9,1
421170,30,8
421175,12,5
421180,7,4
421185,9,1
421187,4,7
421189,7,8
421190,24,4
421200,30,12
421205,18,7
421210,2,3
421220,11,4
421223,9,1
421225,26,9
421227,12,12
421230,30,12
421240,29,12
421250,19,7
421260,15,8
421265,25,10
421270,16,8
421280,14,12
421290,7,12
421300,19,5
421310,18,2
421315,12,12
421320,21,1
421330,20,9
421335,30,3
421340,27,7
421350,13,10
421360,5,9
421370,23,7
421380,19,7
421390,4,2
421400,1,6
421410,30,12
421415,29,9
421420,6,10
421430,8,11
421440,27,7
421450,29,12
421460,23,6
421470,19,12
421480,15,4
421490,21,6
421500,24,4
421505,12,12
421507,12,12
421510,14,3
421520,23,9
421530,29,12
421535,19,7
421540,15,12
421545,30,3
421550,21,6
421555,9,1
421560,10,5
421565,4,1
421567,26,9
421568,19,7
421569,16,4
421570,10,7
421575,19,7
421580,23,9
421590,29,12
421600,21,2
421605,30,3
421610,7,4
421620,15,4
421625,12,12
421630,19,7
421635,29,3
421640,20,12
421650,7,5
421660,19,3
421670,27,7
421680,7,12
421690,26,7
421700,12,6
421710,14,11
421715,9,1
421720,15,2
421725,16,4
421730,30,12
421740,3,10
421750,3,4
421755,26,4
421760,19,12
421770,30,12
421775,26,9
421780,12,2
421790,19,2
421795,29,9
421800,13,6
421810,23,9
421820,12,10
421825,26,4
421830,23,1
421835,8,7
421840,13,5
421850,13,10
421860,22,7
421870,27,5
421875,26,4
421880,20,3
421885,4,1
421890,3,2
421895,1,6
421900,26,5
421910,21,4
421915,12,12
421917,30,3
421920,17,2
421930,1,3
421935,26,4
421940,15,6
421950,27,2
421960,2,2
421970,20,2
421985,29,12
422000,1,1
430003,16,4
430005,8,12
430010,16,2
430020,29,5
430030,9,10
430040,25,10
430045,31,12
430047,16,4
430050,13,4
430055,2,12
430057,20,3
430060,17,9
430063,12,5
430064,20,3
430066,12,5
430070,26,12
430080,11,2
430085,20,3
430087,28,12
430090,4,10
430100,28,11
430105,25,4
430107,17,4
430110,12,4
430120,6,11
430130,24,3
430140,16,2
430150,14,5
430155,24,11
430160,17,7
430163,22,10
430165,12,5
430170,23,1
430175,20,3
430180,30,5
430185,20,3
430187,22,10
430190,17,2
430192,20,3
430195,24,3
430200,5,11
430205,29,12
430210,11,10
430215,20,3
430220,2,12
430222,16,4
430223,16,4
430225,22,10
430230,16,7
430235,12,5
430237,20,3
430240,31,10
430245,8,12
430250,12,10
430258,16,4
430260,8,5
430265,11,4
430270,9,10
430280,25,10
430290,28,12
430300,5,8
430310,15,5
430320,1,6
430330,15,5
430340,19,5
430350,19,4
430355,12,5
430360,23,12
430367,20,4
430370,9,10
430380,31,5
430390,31,1
430400,3,6
430410,13,4
430420,7,7
430430,9,10
430435,24,3
430440,28,12
430450,27,6
430460,27,6
430461,16,4
430462,16,4
430463,12,4
430465,16,4
430466,3,5
430467,22,10
430468,8,12
430469,20,3
430470,24,1
430471,22,10
430480,25,9
430485,20,3
430490,15,12
430495,9,5
430500,16,10
430510,20,6
430511,20,3
430512,22,10
430513,12,5
430515,13,4
430517,12,5
430520,4,10
430530,3,6
430535,28,3
430537,20,3
430540,15,12
430543,22,10
430544,28,12
430545,9,5
430550,19,5
430558,20,3
430560,3,6
430570,14,5
430580,14,4
430583,16,4
430585,20,3
430587,20,3
430590,14,4
430593,16,4
430595,12,5
430597,20,3
430600,28,2
430605,29,4
430607,28,12
430610,18,8
430613,16,4
430620,22,11
430630,29,5
430632,20,3
430635,11,4
430637,22,10
430640,10,9
430642,20,3
430645,8,12
430650,9,12
430655,29,12
430660,30,10
430670,17,7
430673,8,12
430675,28,12
430676,8,6
430680,31,3
430690,19,7
430692,20,3
430693,13,4
430695,9,5
430697,11,4
430700,30,4
430705,11,4
430710,18,1
430720,7,6
430730,12,4
430740,27,11
430745,28,12
430750,28,2
430755,21,4
430760,8,9
430770,28,2
430780,20,5
430781,28,12
430783,29,4
430786,8,12
430790,11,12
430800,30,11
430805,12,5
430807,22,10
430810,31,5
430820,17,5
430825,21,11
430830,9,7
430840,9,10
430843,16,4
430845,3,5
430850,28,2
430860,31,10
430865,20,3
430870,15,12
430880,4,5
430885,20,3
430890,18,12
430900,28,1
430905,4,5
430910,15,12
430912,10,11
430915,8,12
430920,8,4
430925,9,12
430930,14,10
430940,11,12
430950,27,5
430955,13,4
430957,28,12
430960,18,12
430965,24,3
430970,1,3
430975,15,12
430980,22,11
430990,29,5
430995,15,12
431000,28,2
431010,1,6
431020,19,10
431030,26,12
431033,9,5
431036,9,5
431040,23,10
431041,20,3
431043,12,12
431046,20,4
431050,1,7
431053,22,10
431055,9,5
431057,20,3
431060,6,12
431065,16,4
431070,10,4
431075,9,5
431080,19,10
431085,30,11
431087,16,4
431090,1,6
431100,23,11
431110,16,8
431112,8,12
431113,28,12
431115,12,5
431120,14,7
431123,16,4
431125,20,4
431127,20,3
431130,10,5
431140,26,1
431142,20,3
431150,9,5
431160,1,6
431162,26,3
431164,20,3
431170,28,5
431171,22,10
431173,28,12
431175,20,3
431177,20,3
431179,20,3
431180,28,2
431190,1,1
431198,26,3
431200,22,5
431205,28,12
431210,13,6
431213,31,3
431215,20,3
431217,16,4
431220,15,3
431225,20,3
431230,15,12
431235,9,5
431237,28,12
431238,20,3
431240,5,5
431242,20,3
431244,20,3
431245,12,5
431247,20,3
431250,26,12
431260,31,5
431261,28,12
431262,20,3
431265,18,12
431267,20,3
431270,31,5
431275,9,5
431280,12,4
431290,23,5
431295,20,3
431300,11,4
431301,28,12
431303,13,4
431306,2,12
431308,20,3
431310,29,7
431320,28,2
431330,11,8
431333,28,12
431335,1,1
431337,20,3
431339,22,10
431340,5,4
431342,20,3
431344,20,3
431346,16,4
431349,20,3
431350,16,12
431360,19,3
431365,12,5
431370,6,5
431380,22,5
431390,15,12
431395,20,9
431400,9,7
431402,12,5
431403,20,3
431405,1,5
431406,28,12
431407,20,3
431410,7,8
431413,16,4
431415,13,4
431417,28,9
431420,3,4
431430,15,5
431440,7,7
431442,20,3
431445,29,4
431446,17,4
431447,20,3
431449,20,3
431450,2,5
431454,16,4
431455,30,11
431460,6,7
431470,13,4
431475,12,5
431477,20,3
431478,20,3
431480,9,10
431490,26,3
431500,6,8
431505,20,3
431507,20,3
431510,15,5
431513,29,4
431514,20,3
431515,30,11
431517,26,4
431520,26,12
431530,8,4
431531,16,4
431532,20,3
431535,8,12
431540,21,1
431545,9,5
431550,25,3
431555,20,3
431560,19,2
431570,7,10
431575,10,4
431580,18,2
431590,15,4
431595,16,4
431600,28,2
431610,26,12
431620,28,3
431630,15,5
431640,19,4
431642,20,3
431643,9,5
431645,12,5
431647,10,11
431650,9,10
431660,28,2
431670,31,1
431673,16,4
431675,20,3
431680,28,9
431690,17,5
431695,12,5
431697,17,4
431700,17,9
431710,30,7
431720,10,8
431725,20,3
431730,19,12
431740,4,1
431750,22,3
431755,20,3
431760,3,4
431770,12,10
431775,20,3
431780,30,5
431790,28,1
431795,20,4
431800,10,10
431805,8,12
431810,4,1
431820,7,1
431830,4,4
431840,30,9
431842,8,12
431843,20,3
431844,30,11
431845,20,3
431846,9,5
431848,29,4
431849,20,3
431850,25,10
431860,10,9
431861,16,4
431862,1,1
431870,25,7
431880,26,4
431890,3,6
431900,9,10
431910,27,11
431912,20,3
431915,29,4
431920,3,5
431930,6,5
431935,20,3
431936,16,4
431937,20,3
431940,22,3
431950,1,5
431960,29,4
431970,17,2
431971,20,3
431973,20,3
431975,29,4
431980,29,4
431990,28,2
432000,20,8
432010,27,6
432020,4,6
432023,9,5
432026,5,5
432030,22,9
432032,28,12
432035,20,3
432040,22,7
432045,20,3
432050,5,11
432055,24,3
432057,22,10
432060,12,4
432065,11,12
432067,20,3
432070,3,12
432080,29,6
432085,22,10
432090,9,8
432100,18,12
432110,16,12
432120,17,4
432130,4,7
432132,9,5
432135,12,5
432140,18,8
432143,13,4
432145,24,5
432146,16,4
432147,20,3
432149,22,10
432150,21,5
432160,24,9
432162,20,3
432163,30,11
432166,29,4
432170,12,5
432180,3,5
432183,20,3
432185,12,5
432190,28,12
432195,15,12
432200,25,10
432210,10,9
432215,8,12
432218,20,4
432220,20,3
432225,9,5
432230,10,9
432232,22,10
432234,28,12
432235,20,3
432237,28,12
432240,29,5
432250,22,10
432252,22,10
432253,2,3
432254,20,3
432255,8,12
432260,11,5
432270,7,6
432280,15,1
432285,28,12
432290,28,5
432300,14,9
432310,14,5
432320,23,10
432330,12,5
432335,22,10
432340,9,5
432345,20,3
432350,20,12
432360,9,5
432370,9,5
432375,20,3
432377,24,3
432380,26,3
500020,8,2
500025,22,4
500060,28,5
500070,8,5
500080,11,11
500085,13,5
500090,18,3
500100,28,9
500110,15,8
500124,13,4
500150,20,6
500190,11,12
500200,12,11
500210,20,7
500215,13,5
500220,2,10
500230,25,4
500240,20,12
500260,30,9
500270,26,8
500280,1,5
500290,3,8
500295,22,10
500310,11,12
500315,24,5
500320,21,9
500325,12,5
500330,11,4
500345,13,5
500348,13,11
500350,12,5
500370,20,12
500375,13,5
500380,9,7
500390,29,9
500400,2,5
500410,19,3
500430,8,4
500440,4,5
500450,10,12
500460,13,5
500470,11,11
500480,30,4
500490,12,12
500500,14,5
500510,11,11
500515,14,12
500520,2,9
500525,22,4
500540,11,6
500560,16,7
500568,13,5
500570,11,11
500580,8,4
500600,27,10
500620,30,4
500625,30,4
500627,30,9
500630,4,7
500635,17,11
500640,11,11
500660,18,7
500690,3,6
500710,19,3
500720,26,12
500730,9,5
500740,16,12
500750,23,11
500755,18,12
500769,12,5
500770,13,5
500780,12,5
500790,11,12
500793,3,6
500795,13,5
500797,12,5
500800,8,5
500830,15,6
500840,20,6
510010,12,12
510020,9,7
510025,19,5
510030,26,10
510035,19,4
510040,10,12
510050,16,12
510060,13,5
510080,6,7
510100,14,5
510120,24,2
510125,23,5
510130,5,2
510140,31,12
510160,13,3
510170,19,4
510180,15,9
510185,29,9
510190,1,6
510250,6,10
510260,13,5
510263,4,7
510267,4,7
510268,28,11
510269,19,12
510270,15,2
510279,16,10
510285,8,7
510300,31,7
510305,13,5
510310,13,5
510320,7,5
510325,26,11
510330,13,5
510335,20,12
510336,28,12
510337,19,5
510340,8,4
510343,7,12
510345,6,5
510350,18,9
510360,14,4
510370,17,11
510380,19,3
510385,17,11
510390,3,12
510395,24,6
510410,2,6
510420,3,8
510450,13,5
510452,29,3
510454,3,4
510455,13,5
510460,1,12
510480,6,10
510490,11,9
510500,20,9
510510,14,12
510515,9,5
510517,4,7
510520,10,12
510523,6,9
510525,5,8
510530,10,5
510550,19,3
510558,13,5
510560,4,7
510562,14,5
510590,1,5
510600,5,2
510610,17,5
510615,11,8
510617,28,12
510618,26,12
510619,18,8
510620,5,12
510621,13,5
510622,4,7
510623,13,5
510624,19,12
510625,14,4
510626,17,11
510627,13,5
510628,13,5
510629,29,6
510630,29,6
510631,29,9
510637,13,5
510642,13,5
510645,20,12
510650,12,1
510665,20,12
510670,20,11
510675,6,8
510677,13,5
510680,11,11
510682,4,7
510685,20,12
510700,26,10
510704,13,5
510706,19,12
510710,15,6
510715,3,5
510718,3,5
510719,20,12
510720,22,5
510724,19,12
510726,20,12
510729,4,7
510730,19,3
510735,28,12
510740,22,7
510757,28,1
510760,10,12
510770,25,6
510774,28,12
510775,1,9
510776,28,12
510777,4,3
510779,28,1
510780,13,6
510785,13,5
510787,19,9
510788,29,9
510790,14,9
510792,13,5
510794,21,9
510795,13,5
510800,4,7
510805,13,5
510810,1,1
510820,10,12
510830,19,7
510835,24,6
510840,15,5
510850,27,6
510860,13,5
510880,19,12
510885,19,12
510890,26,8
510895,19,8
520005,29,3
520010,20,10
520013,14,5
520015,1,6
520017,14,6
520020,11,11
520025,12,10
520030,30,9
520050,17,6
520055,16,1
520060,5,12
520080,23,10
520082,28,12
520085,10,6
520090,14,10
520110,31,7
520120,5,11
520130,7,6
520140,11,5
520145,17,11
520150,14,11
520160,14,11
520170,2,10
520180,14,11
520215,14,5
520235,14,5
520250,18,12
520260,8,10
520280,14,11
520310,27,10
520320,14,11
520330,5,6
520340,18,8
520350,7,11
520355,1,6
520357,12,10
520360,14,11
520380,29,6
520390,24,6
520393,29,4
520396,26,4
520400,15,11
520410,24,9
520420,10,11
520425,14,5
520430,16,9
520440,29,7
520450,21,10
520455,29,4
520460,29,10
520465,31,1
520470,8,10
520480,12,11
520485,21,7
520490,1,10
520495,30,12
520500,14,11
520505,16,1
520510,20,8
520520,14,11
520530,11,11
520540,4,9
520545,14,5
520547,21,8
520549,9,12
520551,3,7
520552,1,6
520570,23,11
520580,9,7
520590,28,5
520620,18,7
520630,23,6
520640,30,10
520650,12,11
520660,10,12
520670,14,11
520680,14,11
520690,14,11
520710,17,12
520725,14,5
520735,15,4
520740,8,10
520750,14,11
520753,1,6
520760,20,10
520780,7,10
520790,14,11
520800,1,8
520810,25,9
520815,21,7
520830,14,11
520840,14,11
520850,6,5
520860,24,6
520870,24,10
520880,25,3
520890,25,7
520910,21,1
520915,1,6
520920,8,10
520929,29,4
520940,8,11
520945,11,5
520960,8,10
520970,5,11
520980,14,11
520990,14,11
520993,29,4
520995,14,5
521000,19,3
521010,12,9
521015,16,7
521020,19,11
521030,14,11
521040,9,11
521056,30,12
521060,14,11
521080,14,11
521090,11,8
521100,14,11
521120,6,1
521130,21,7
521140,11,10
521150,12,10
521160,5,11
521170,5,10
521180,29,7
521190,31,5
521200,10,4
521205,16,1
521210,14,11
521220,14,11
521225,21,7
521230,2,9
521250,13,12
521260,12,11
521270,14,11
521280,2,9
521290,18,6
521295,30,7
521300,14,11
521305,1,6
521308,14,5
521310,31,10
521340,14,11
521350,12,10
521370,23,10
521375,30,12
521377,29,4
521380,16,7
521385,10,8
521390,14,11
521400,23,10
521405,10,6
521410,14,11
521440,25,8
521450,3,8
521460,19,3
521470,14,11
521480,13,11
521483,2,2
521486,10,6
521487,16,1
521490,14,11
521500,14,11
521520,9,12
521523,19,7
521525,1,6
521530,15,9
521540,1,10
521550,19,10
521560,9,5
521565,30,12
521570,6,7
521580,13,11
521590,31,10
521600,16,1
521630,30,10
521640,10,11
521645,7,10
521680,8,10
521690,5,10
521710,22,11
521720,14,10
521730,7,10
521740,9,11
521760,19,3
521770,31,10
521800,25,8
521805,15,4
521810,14,11
521830,19,7
521839,16,1
521850,22,1
521860,16,7
521870,18,12
521878,11,5
521880,5,8
521890,12,10
521900,5,1
521910,23,10
521920,27,8
521925,1,6
521930,20,10
521935,14,5
521940,12,10
521945,28,12
521950,14,11
521960,13,11
521970,23,10
521971,29,4
521973,5,12
521975,14,5
521980,14,10
521990,8,9
522000,11,11
522005,1,6
522010,21,10
522015,10,7
522020,14,11
522026,9,1
522028,15,8
522040,12,10
522045,1,6
522050,14,11
522060,5,10
522068,14,1
522070,22,8
522100,1,10
522108,1,6
522119,29,4
522130,19,10
522140,31,8
522145,22,5
522150,14,11
522155,1,6
522157,30,4
522160,4,7
522170,20,7
522180,15,11
522185,15,6
522190,14,11
522200,19,8
522205,10,6
522220,29,4
522230,27,12
530010,21,4
